{
  "project_info": {
    "project_number": "256404332356",
    "firebase_url": "https://zoomlionproject.firebaseio.com",
    "project_id": "zoomlionproject",
    "storage_bucket": "zoomlionproject.appspot.com"
  },
  "client": [
    {
      "client_info": {
        "mobilesdk_app_id": "1:256404332356:android:fcc27cbd24277482",
        "android_client_info": {
          "package_name": "com.example.cleanzoom"
        }
      },
      "oauth_client": [
        {
          "client_id": "256404332356-acc6f1vo11jfijhqr3gol52v8q55em3c.apps.googleusercontent.com",
          "client_type": 3
        }
      ],
      "api_key": [
        {
          "current_key": "AIzaSyASOo88fLfwOHMbg90DPozEE0VJWYdrEXg"
        }
      ],
      "services": {
        "appinvite_service": {
          "other_platform_oauth_client": [
            {
              "client_id": "256404332356-acc6f1vo11jfijhqr3gol52v8q55em3c.apps.googleusercontent.com",
              "client_type": 3
            }
          ]
        }
      }
    },
    {
      "client_info": {
        "mobilesdk_app_id": "1:256404332356:android:5656f02c01387655",
        "android_client_info": {
          "package_name": "com.example.zoomlion"
        }
      },
      "oauth_client": [
        {
          "client_id": "256404332356-8n3t3urnk2hp03tnjq72r8p65pnjuicf.apps.googleusercontent.com",
          "client_type": 1,
          "android_info": {
            "package_name": "com.example.zoomlion",
            "certificate_hash": "df3f6a16e655838429d38f3795ed26f0721c8ae5"
          }
        },
        {
          "client_id": "256404332356-acc6f1vo11jfijhqr3gol52v8q55em3c.apps.googleusercontent.com",
          "client_type": 3
        }
      ],
      "api_key": [
        {
          "current_key": "AIzaSyASOo88fLfwOHMbg90DPozEE0VJWYdrEXg"
        }
      ],
      "services": {
        "appinvite_service": {
          "other_platform_oauth_client": [
            {
              "client_id": "256404332356-acc6f1vo11jfijhqr3gol52v8q55em3c.apps.googleusercontent.com",
              "client_type": 3
            }
          ]
        }
      }
    }
  ],
  "configuration_version": "1"
}